{
  "ingredients": {
    "Tequila": {
      "alchohol": true,
      "quantity": "1 1/2",
      "unit": "oz"
    },
    "Creme de Cassis": {
      "alchohol": true,
      "quantity": "1/2",
      "unit": "oz"
    },
    "Lime Juice": {
      "alchohol": false,
      "quantity": "1/2",
      "unit": "oz"
    },
    "Ginger Beer": {
      "alchohol": false,
      "quantity": "3",
      "unit": "oz"
    }
  },
  "style": ["Shaken", "Top"],
  "recipe": [
    "Add the tequila, creme de cassis and lime juice into a shaker with ice and shake until well-chilled.",
    "Strain into a Collins glass over fresh ice and top with the ginger beer.",
    "Garnish with a lime wedge."
  ]
}
