{
  "ingredients": {
    "Tequila": {
      "alchohol": true,
      "quantity": "2",
      "unit": "oz"
    },
    "Orange Juice": {
      "alchohol": false,
      "quantity": "4",
      "unit": "oz"
    },
    "Grenadine": {
      "alchohol": false,
      "quantity": "1",
      "unit": "tsp"
    }
  },
  "style": ["Top"],
  "recipe": [
    "Add the tequila and then the orange juice to a chilled highball glass filled with ice.",
    "Top with the grenadine, which will sink to the bottom of the glass, creating a layered effect.",
    "Garnish with an orange slice and a cherry."
  ]
}
