{
  "ingredients": {
    "Bourbon Whiskey": {
      "alchohol": true,
      "quantity": "1 1/2",
      "unit": "oz"
    },
    "Simple Syrup": {
      "alchohol": false,
      "quantity": "1/3",
      "unit": "oz"
    },
    "Mint Leaves": {
      "alchohol": false,
      "quantity": "8",
      "unit": "leaves"
    }
  },
  "style": ["Stirred"],
  "recipe": ["Muddle mint leaves and simple syrup in a rocks glass.", "Fill with crushed ice.", "Add bourbon.", "Stir.", "Garnish with mint leaves."]
}
