{
  "ingredients": {
    "Bourbon Whiskey": {
      "alchohol": true,
      "quantity": "1 1/2",
      "unit": "oz"
    },
    "Simple Syrup": {
      "alchohol": false,
      "quantity": "1/2",
      "unit": "oz"
    },
    "Angostura Bitters": {
      "alchohol": true,
      "quantity": "3",
      "unit": "dashes"
    }
  },
  "style": ["Stirred", "Rock"],
  "recipe": [
    "Grab a rocks glass and add Simple Syrup or Sugar.",
    "Add half of your Whiskey, a few dashes of Bitters, and ice.",
    "Stir, add the rest of your Whiskey and top up with more ice.",
    "Garnish with a Orange Zest"
  ]
}
