{
  "ingredients": {
    "Bourbon Whiskey": {
      "alchohol": true,
      "quantity": "1 1/2",
      "unit": "oz"
    },
    "Lemon Juice": {
      "alchohol": false,
      "quantity": "1",
      "unit": "oz"
    },
    "Simple Syrup": {
      "alchohol": false,
      "quantity": "3/4",
      "unit": "oz"
    }
  },
  "style": ["Shaken"],
  "recipe": [
    "Add Whiskey, fresh pressed Lemon Juice and Simple Syrup to your shaker.",
    "If using Egg Whites, add them last.",
    "Next step is to Dry Shake.",
    "Once frothy, add ice and shake again until chilled.",
    "Strain and garnish with an orange wedge and bitters"
  ]
}
