{
  "ingredients": {
    "Vodka": {
      "alchohol": true,
      "quantity": "1 1/2",
      "unit": "oz"
    },
    "Tomato Juice": {
      "alchohol": false,
      "quantity": "5",
      "unit": "oz"
    },
    "Hot Sauce": {
      "alchohol": false,
      "quantity": "4",
      "unit": "dash"
    },
    "Worcestershire Sauce": {
      "alchohol": false,
      "quantity": "1/3",
      "unit": "oz"
    },
    "Lemon Juice": {
      "alchohol": false,
      "quantity": "1/3",
      "unit": "oz"
    },
    "Ground Black Pepper": {
      "alchohol": false,
      "quantity": "1",
      "unit": "pinch"
    },
    "Garlic Salt": {
      "alchohol": false,
      "quantity": "1",
      "unit": "pinch"
    },
    "Lemon": {
      "alchohol": false,
      "quantity": "1",
      "unit": "wedge"
    },
    "Celery": {
      "alchohol": false,
      "quantity": "1",
      "unit": "stick"
    }
  },
  "style": ["Shaken"],
  "recipe": ["Fill a mixing glass with ice cubes.", "Add all ingredients.", "Shake and strain into a highball glass filled with ice cubes.", "Garnish with lemon and celery."]
}
