{
  "ingredients": {
    "Vodka": {
      "alchohol": true,
      "quantity": "3/4",
      "unit": "oz"
    },
    "Blue Curacao": {
      "alchohol": true,
      "quantity": "3/4",
      "unit": "oz"
    },
    "Coconut Syrup": {
      "alchohol": false,
      "quantity": "1/3",
      "unit": "oz"
    },
    "Pineapple Juice": {
      "alchohol": false,
      "quantity": "",
      "unit": ""
    }
  },
  "style": ["Top", "Stirred"],
  "recipe": [
    "Grab a highball glass and fill it up with ice cubes.",
    "Pour in Absolut Vodka, blue curacao, and coconut syrup.",
    "Top off your blend with some pineapple juice.",
    "Now, for the fun part, garnish your drink with a maraschino berry.",
    "Enjoy the island getaway in a glass!"
  ]
}
