{
  "ingredients": {
    "Vodka": {
      "alchohol": true,
      "quantity": "1 1/3",
      "unit": "oz"
    },
    "Blue Curacao": {
      "alchohol": true,
      "quantity": "1",
      "unit": "oz"
    },
    "Lime Juice": {
      "alchohol": false,
      "quantity": "2/3",
      "unit": "oz"
    },
    "Soda": {
      "alchohol": false,
      "quantity": "",
      "unit": ""
    }
  },
  "style": ["Top", "Stirred"],
  "recipe": ["Pour the first three ingredients into a glass", "Stir", "Fill with ice", "Top with soda"]
}
