{
  "ingredients": {
    "Vodka": {
      "alchohol": true,
      "quantity": "2",
      "unit": "oz"
    },
    "Kahlua": {
      "alchohol": true,
      "quantity": "1",
      "unit": "oz"
    },
    "Espresso": {
      "alchohol": false,
      "quantity": "1",
      "unit": "oz"
    }
  },
  "style": ["Shaken"],
  "recipe": [
    "Fill a cocktail shaker with ice cubes.",
    "Add Vodka, Kahlúa, and Espresso.",
    "Shake well to get the foam on top, and strain it into a cocktail or martini glass.",
    "Garnish by placing three coffee beans on top."
  ]
}
