{
  "ingredients": {
    "Vodka": {
      "alchohol": true,
      "quantity": "2/3",
      "unit": "oz"
    },
    "White Rum": {
      "alchohol": true,
      "quantity": "2/3",
      "unit": "oz"
    },
    "Gin": {
      "alchohol": true,
      "quantity": "2/3",
      "unit": "oz"
    },
    "Tequila": {
      "alchohol": true,
      "quantity": "2/3",
      "unit": "oz"
    },
    "Triple Sec": {
      "alchohol": true,
      "quantity": "2/3",
      "unit": "oz"
    },
    "Sweet and Sour Mix": {
      "alchohol": false,
      "quantity": "1 1/3",
      "unit": "oz"
    },
    "Cola": {
      "alchohol": false,
      "quantity": "2/3",
      "unit": "oz"
    }
  },
  "style": ["Stirred", "Top"],
  "recipe": ["Fill a highball glass with ice cubes.", "Add all ingredients.", "Garnish with a lime wheel."]
}
