{
  "ingredients": {
    "Vodka": {
      "alchohol": true,
      "quantity": "1",
      "unit": "oz"
    },
    "Melon Liqueur": {
      "alchohol": true,
      "quantity": "1",
      "unit": "oz"
    },
    "Lemon Juice": {
      "alchohol": false,
      "quantity": "1/2",
      "unit": "oz"
    },
    "Lime Juice": {
      "alchohol": false,
      "quantity": "1/2",
      "unit": "oz"
    },
    "Soda": {
      "alchohol": false,
      "quantity": "",
      "unit": ""
    }
  },
  "style": ["Top", "Stirred"],
  "recipe": ["Add the Midori, vodka, lemon juice and lime juice to a Collins glass with ice.", "Stir to combine, then top with a splash of soda water.", "Garnish with a lemon wheel."]
}
