{
  "ingredients": {
    "Vodka": {
      "alchohol": true,
      "quantity": "3/4",
      "unit": "oz"
    },
    "Orange Juice": {
      "alchohol": false,
      "quantity": "3 1/3",
      "unit": "oz"
    },
    "Cranberry Juice": {
      "alchohol": false,
      "quantity": "3 1/3",
      "unit": "oz"
    },
    "Peach Schnapps": {
      "alchohol": true,
      "quantity": "3/4",
      "unit": "oz"
    }
  },
  "style": ["Stirred"],
  "recipe": ["Fill a highball glass with ice cubes.", "Add all ingredients.", "Garnish with lime and a cherry."]
}
