{
  "ingredients": {
    "Vodka": {
      "alchohol": true,
      "quantity": "1 1/2",
      "unit": "oz"
    },
    "Dry Vermouth": {
      "alchohol": true,
      "quantity": "1/2",
      "unit": "oz"
    }
  },
  "style": ["Stirred"],
  "recipe": [
    "Fill up a mixing glass with ice cubes.",
    "Pour in the Vodka.",
    "Add the dry vermouth.",
    "Gently stir until chilled.",
    "Strain the mix into an ice-cold cocktail glass.",
    "Garnish with a twist of lemon zest and a green olive on top. Voila, your vodka martini is ready."
  ]
}
