{
  "ingredients": {
    "Vodka": {
      "alchohol": true,
      "quantity": "1 1/3",
      "unit": "oz"
    },
    "Kahlua": {
      "alchohol": true,
      "quantity": "1 1/3",
      "unit": "oz"
    },
    "Cream": {
      "alchohol": false,
      "quantity": "1 1/3",
      "unit": "oz"
    }
  },
  "style": ["Rock", "Stirred", "Top"],
  "recipe": [
    "Fill a rocks glass with ice cubes.",
    "Add Vodka and Kahlúa, top off by adding a cream layer.",
    "Pour the cream on the back of a spoon to get the layering right. If you fail with the layering, just stir."
  ]
}
