{
  "ingredients": {
    "Irish Whiskey": {
      "alchohol": true,
      "quantity": "1 1/2",
      "unit": "oz"
    },
    "Brown Sugar": {
      "alchohol": false,
      "quantity": "1",
      "unit": "tsp"
    },
    "Coffee": {
      "alchohol": false,
      "quantity": "4",
      "unit": "oz"
    },
    "Heavy Cream": {
      "alchohol": false,
      "quantity": "",
      "unit": ""
    }
  },
  "style": ["Top"],
  "recipe": ["Add irish whiskey, brown sugar and coffee into a wine glass.", "Float cream."]
}
