{
  "ingredients": {
    "Rye Whiskey": {
      "alchohol": true,
      "quantity": "1 1/2",
      "unit": "oz"
    },
    "Sweet Vermouth": {
      "alchohol": true,
      "quantity": "3/4",
      "unit": "oz"
    },
    "Angostura Bitters": {
      "alchohol": true,
      "quantity": "2",
      "unit": "dashes"
    }
  },
  "style": ["Stirred"],
  "recipe": ["Fill a mixing glass with ice cubes.", "Add all ingredients.", "Stir and strain into a cocktail glass.", "Garnish with a maraschino berry."]
}
