{
  "ingredients": {
    "Gin": {
      "alchohol": true,
      "quantity": "2",
      "unit": "oz"
    },
    "Lemon Juice": {
      "alchohol": false,
      "quantity": "3/4",
      "unit": "oz"
    },
    "Simple Syrup": {
      "alchohol": false,
      "quantity": "3/4",
      "unit": "oz"
    },
    "Egg White": {
      "alchohol": false,
      "quantity": "1",
      "unit": ""
    },
    "Soda Water": {
      "alchohol": false,
      "quantity": "",
      "unit": ""
    }
  },
  "style": ["Shaken"],
  "recipe": ["Add gin, lemon juice, simple syrup and an egg white to a cocktail shaker.", "Add ice and shake until chilled.", "Strain into a fizz or highball glass.", "Top with soda water."]
}
