{
  "ingredients": {
    "Gin": {
      "alchohol": true,
      "quantity": "1 1/2",
      "unit": "oz"
    },
    "Lemon Juice": {
      "alchohol": false,
      "quantity": "2/3",
      "unit": "oz"
    },
    "Simple Syrup": {
      "alchohol": false,
      "quantity": "2/3",
      "unit": "oz"
    },
    "Soda Water": {
      "alchohol": false,
      "quantity": "",
      "unit": ""
    }
  },
  "style": ["Shaken", "Top"],
  "recipe": [
    "Fill a shaker with ice cubes.",
    "Add lemon juice, gin and simple syrup.",
    "Shake and strain into a highball glass filled with ice cubes.",
    "Top up with soda water.",
    "Garnish with lemon."
  ]
}
