{
  "ingredients": {
    "Gin": {
      "alchohol": true,
      "quantity": "2",
      "unit": "oz"
    },
    "Dry Vermouth": {
      "alchohol": true,
      "quantity": "1",
      "unit": "oz"
    },
    "Orange Bitters": {
      "alchohol": true,
      "quantity": "2",
      "unit": "dash"
    }
  },
  "style": ["Stirred"],
  "recipe": ["Add all ingredients to a mixing glass.", "Add ice and stir until chilled.", "Strain into a chilled coupe or cocktail glass.", "Garnish with an lemon peel."]
}
