{
  "ingredients": {
    "Gin": {
      "alchohol": true,
      "quantity": "1",
      "unit": "oz"
    },
    "Campari": {
      "alchohol": true,
      "quantity": "1",
      "unit": "oz"
    },
    "Sweet Vermouth": {
      "alchohol": true,
      "quantity": "1",
      "unit": "oz"
    }
  },
  "style": ["Stirred", "Rocks"],
  "recipe": [
    "Add all ingredients to a mixing glass.",
    "Add ice and stir until chilled.",
    "If on the rocks, strain over ice into a rocks glass. If up, strain into a chilled coupe or cocktail glass.",
    "Garnish with an orange or lemon peel."
  ]
}
