{
  "ingredients": {
    "White Rum": {
      "alchohol": true,
      "quantity": "2",
      "unit": "oz"
    },
    "Lime Juice": {
      "alchohol": false,
      "quantity": "1/2",
      "unit": "oz"
    },
    "Coca-Cola": {
      "alchohol": false,
      "quantity": "",
      "unit": ""
    }
  },
  "style": ["Stirred"],
  "recipe": ["In a Collins glass, add rum and squeeze in lime halves.", "Add ice and top with Coca-Cola.", "Stir gently to combine.", "Garnish with a lime wheel or slice."]
}
