{
  "ingredients": {
    "White Rum": {
      "alchohol": true,
      "quantity": "2",
      "unit": "oz"
    },
    "Lime Juice": {
      "alchohol": false,
      "quantity": "3/4",
      "unit": "oz"
    },
    "Simple Syrup": {
      "alchohol": false,
      "quantity": "3/4",
      "unit": "oz"
    }
  },
  "style": ["Shaken"],
  "recipe": ["Add all ingredients to a cocktail shaker.", "Add ice and shake until chilled.", "Strain into a chilled coupe or cocktail glass.", "Garnish with a lime wheel."]
}
