{
  "ingredients": {
    "White Rum": {
      "alchohol": true,
      "quantity": "2",
      "unit": "oz"
    },
    "Lime Juice": {
      "alchohol": false,
      "quantity": "1/4",
      "unit": "oz"
    },
    "Sugar": {
      "alchohol": false,
      "quantity": "2",
      "unit": "tsp"
    },
    "Mint": {
      "alchohol": false,
      "quantity": "2",
      "unit": "sprigs"
    },
    "Soda Water": {
      "alchohol": false,
      "quantity": "",
      "unit": ""
    }
  },
  "style": ["Stirred"],
  "recipe": [
    "In a Collins glass, add the mint sprigs and sugar. Muddle the mint by pressing it lightly with a muddler to release the oils.",
    "Drop in lime pieces and muddle to release juice.",
    "Add rum, stir and add ice.",
    "Top with soda water.",
    "Garnish with a mint sprig and a lime wheel."
  ]
}
