{
  "ingredients": {
    "White Rum": {
      "alchohol": true,
      "quantity": "2",
      "unit": "oz"
    },
    "Pineapple Juice": {
      "alchohol": false,
      "quantity": "4",
      "unit": "oz"
    },
    "Coconut Cream": {
      "alchohol": false,
      "quantity": "1",
      "unit": "oz"
    }
  },
  "style": ["Blended"],
  "recipe": ["Add Rum, Pineapple Juice and Cream of Coconut in a blender.", "Add ice, blend until smooth, and pour.", "Garnish with a Pineapple Wedge and two Pineapple Leaves."]
}
